,index,Count
560,monthold,1329
43,’,857
1,baby,856
2083,•,529
213,sleep,427
865,child,320
82,may,307
191,day,228
117,much,223
16,get,219
209,schedule,175
124,food,171
278,probably,166
272,might,165
190,per,158
5,time,146
136,like,142
2120,kids,140
154,hours,138
745,age,137
132,three,134
386,months,134
149,eat,133
113,around,131
163,one,128
128,milk,127
1971,yearold,123
1811,toddler,122
961,foods,121
284,need,121
228,night,120
199,month,120
46,still,119
58,weight,116
200,old,114
308,help,111
519,parents,111
8,feeding,108
91,two,107
618,healthy,106
1092,montholds,106
279,eating,102
776,kid,102
1975,toddlers,101
210,photo,99
100,keep,98
164,make,97
66,health,95
138,babies,94
175,start,92
42,development,92
230,things,91
294,activities,90
2027,potty,89
131,every,87
484,good,86
192,give,84
63,inches,82
498,even,82
59,pounds,82
229,try,82
27,little,79
3,new,79
57,average,78
396,different,78
99,want,78
177,common,77
360,“,76
218,back,76
108,routine,76
1596,ideas,75
362,”,75
917,teething,73
60,girls,73
61,boys,72
26,take,72
608,height,71
34,getting,70
35,know,70
148,go,68
104,milestones,68
953,meal,67
554,play,67
1228,training,66
19,dont,66
384,look,66
2130,childs,65
339,fun,65
205,pediatrician,64
312,could,64
153,four,62
140,feed,62
127,breast,61
162,offer,60
977,bedtime,59
1093,nap,57
152,ounces,56
254,growth,56
657,toys,56
563,checkup,55
518,questions,55
1142,skills,55
463,many,54
68,weekold,54
459,words,54
69,normal,53
1342,bed,52
1661,snacks,51
2319,theyre,50
398,plus,50
414,let,50
1288,together,50
289,continue,50
286,times,49
620,check,49
2123,visuals,48
2122,smart,48
562,checklisttips,48
126,formula,48
13,sleeping,47
532,example,47
256,tend,47
1333,variety,47
220,say,47
582,youre,46
334,whole,45
165,sure,45
142,really,45
197,doctor,44
340,also,44
2102,behavior,43
187,five,42
424,love,42
422,daily,42
240,always,42
599,big,42
241,put,42
715,signs,42
557,something,42
804,find,41
667,able,41
156,long,41
1490,cup,40
966,total,40
208,likely,40
2172,calcium,40
238,see,40
1113,regression,39
848,isnt,39
376,looking,39
211,megan,39
212,rubey,39
110,feel,39
111,ready,39
399,meals,39
567,ask,39
504,working,39
143,often,39
2200,speech,39
30,first,38
2013,tasty,38
768,stick,38
1148,learning,38
597,soon,38
445,remember,38
491,important,38
89,days,38
939,diarrhea,37
135,seem,37
1171,fever,37
454,needs,36
185,enough,36
1010,shes,36
194,doctors,35
29,others,35
270,okay,35
15,youll,35
23,doesnt,35
439,nighttime,35
978,learn,35
215,waking,34
130,least,34
497,used,34
217,hes,34
558,way,34
168,seems,34
862,size,34
734,year,34
1438,fruits,33
871,half,33
1979,yearolds,33
611,less,33
174,next,33
1651,protein,33
320,recommend,32
1551,nutritious,32
1594,games,32
251,second,32
792,making,32
325,use,32
81,head,31
1282,saying,31
1641,walking,31
387,talk,31
161,breastfeeding,31
537,typically,31
617,growing,31
346,usual,31
155,right,30
1316,veggies,30
18,everything,30
201,constipated,30
1308,throwing,30
301,gets,30
1540,source,29
167,well,29
271,lot,29
242,crib,29
508,hands,29
914,easy,29
118,better,29
830,six,29
120,going,29
179,set,28
64,according,28
1162,books,28
870,track,28
1468,playing,28
2254,molars,28
24,come,28
75,extra,28
65,world,28
141,means,27
849,yet,27
1115,using,27
291,since,27
1646,calories,27
767,bottle,27
1305,hit,27
222,pretty,27
771,water,27
2332,problems,26
471,weigh,26
2460,creative,26
1125,early,26
1302,concern,26
71,percent,26
795,cause,26
2170,grains,26
397,course,25
31,weeks,25
395,simple,25
467,already,25
2072,article,25
523,drink,25
206,away,25
592,advice,25
746,read,24
253,notice,24
2204,healthychildrenorg,24
2109,behaviors,24
641,deal,24
742,cough,23
488,toy,23
432,bit,23
62,length,23
1095,maybe,23
2203,¼,23
976,starting,23
224,usually,23
1138,show,22
982,stay,22
875,last,22
415,without,22
1099,room,22
644,happen,22
246,objects,22
1483,talking,21
603,point,21
184,drinking,21
28,longer,21
747,tell,21
1559,avoid,21
1297,cant,21
1375,picky,21
724,small,21
150,follow,21
169,hungry,21
2433,lunch,21
496,though,21
269,best,21
389,fact,21
960,solid,20
403,attention,20
786,work,20
843,trying,20
791,illness,20
1613,anxiety,20
613,problem,20
540,naps,20
1356,seat,20
1182,ages,20
173,full,20
773,plenty,20
2262,tantrums,20
1682,motor,20
751,worry,20
223,typical,20
502,wondering,20
2189,mg,20
2171,dairy,20
296,include,20
455,wants,19
543,interested,19
107,developing,19
335,feedings,19
815,tips,19
2728,inspiration,19
594,great,19
417,wake,19
295,begin,19
2117,twoyearolds,19
2080,thats,19
643,develop,19
1062,bring,19
889,practice,19
1612,separation,19
317,yes,19
92,soft,19
311,putting,19
688,started,18
911,grow,18
1355,car,18
1207,us,18
1735,never,18
359,thing,18
1523,understand,18
2309,groups—vegetables,18
846,done,18
503,expect,18
1980,word,18
972,sleeptraining,18
713,news,18
300,floor,18
654,anything,18
918,teeth,18
255,spurt,18
790,nights,18
119,idea,17
798,whether,17
1517,lead,17
172,stop,17
485,introduce,17
435,daytime,17
67,organization,17
276,experts,17
1024,control,17
1023,active,17
297,tummy,17
1408,adult,17
1006,giving,17
2137,wont,17
304,eventually,17
1085,andor,17
512,turn,17
112,walk,17
2160,portion,17
552,instead,17
460,think,17
292,totally,17
1891,ball,17
134,sometimes,17
188,eight,17
1218,middle,17
1399,blocks,16
40,family,16
726,got,16
716,concerns,16
1776,birthday,16
248,risk,16
1079,gaining,16
1532,finger,16
379,moving,16
344,suddenly,16
1518,independence,16
2222,tot,16
319,taking,16
207,pumping,16
298,short,16
759,become,16
1522,process,16
943,lots,16
758,asleep,16
1347,rest,16
2461,top,16
535,comes,16
2026,climbing,16
1590,favorite,16
1303,crawling,16
1213,along,16
2896,dairy—daily,16
809,change,15
612,mean,15
628,senses,15
634,sounds,15
1668,cheese,15
779,adults,15
647,likes,15
348,calm,15
1216,wakes,15
992,older,15
1433,juice,15
2055,weaning,15
285,nursing,15
72,week,15
2031,teach,15
233,throughout,15
106,home,15
2174,products,15
623,inch,14
753,measure,14
351,wet,14
1541,nutrition,14
814,checklist,14
2441,arent,14
1031,another,14
1837,encourage,14
1110,earlier,14
602,case,14
802,possible,14
2202,serving,14
2187,fat,14
1267,known,14
1791,simply,14
393,answer,14
658,hold,14
1405,quickly,14
2274,autism,14
2188,skim,14
590,reading,14
1255,language,14
596,poop,14
287,hour,13
1198,fruit,13
1196,cereal,13
662,sweet,13
1708,cups,13
3149,disease,13
1124,readiness,13
261,fall,13
797,decide,13
3148,centers,13
338,sound,13
1566,egg,13
668,pick,13
1106,calming,13
357,crying,13
2082,positive,13
566,onemonthold,13
544,becoming,13
158,hard,13
600,personality,13
2118,transition,13
1030,rate,13
2298,limits,13
3116,yogurt,13
810,roll,13
189,diapers,13
137,breastfed,13
840,cut,12
1212,afternoon,12
3183,½,12
146,mom,12
1754,iron,12
1625,sitting,12
451,fine,12
159,watch,12
88,within,12
266,holding,12
375,eyes,12
1962,steps,12
3184,yums,12
352,discomfort,12
744,safe,12
313,prevent,12
1163,choices,12
3115,lowfat,12
1951,years,12
3117,account,12
1057,grasp,12
440,ones,12
1512,easily,12
1946,step,12
204,call,12
2615,comfort,11
1489,sippy,11
671,loves,11
2135,rules,11
214,sleeps,11
1506,tv,11
193,constipation,11
1684,stand,11
1314,ounce,11
2017,snack,11
2143,theres,11
2121,heres,11
2376,whats,11
237,starts,11
1895,songs,11
374,focus,11
847,house,11
441,showing,11
2173,fiber,11
1103,moms,11
336,awake,11
328,close,11
326,concerned,11
901,soothing,11
1136,rolling,11
1169,answers,11
902,gradually,11
1158,reach,11
303,stomach,11
919,actually,11
2537,pretend,11
2185,hell,11
1191,choose,11
1217,screaming,11
490,shapes,11
41,birth,11
958,recommended,10
987,sick,10
1759,independent,10
1671,pasta,10
1428,refusing,10
954,quite,10
1737,jump,10
1013,mama,10
900,aware,10
1855,biting,10
1007,regular,10
1714,standing,10
1016,shell,10
1022,break,10
869,chart,10
1459,crawl,10
1727,fast,10
1478,running,10
1144,curve,10
1186,sit,10
640,brain,10
1673,tofu,10
2385,erupt,10
2207,offering,10
741,coughing,10
720,tough,10
1232,letting,10
0,newborn,10
1772,pieces,10
265,face,10
85,trip,10
525,slowly,10
333,couple,10
539,depends,10
219,snoozing,10
2739,helps,10
51,ways,10
44,arms,10
329,consider,10
178,minutes,10
102,dry,10
10,diaper,9
1025,body,9
1021,recognize,9
879,listening,9
281,loop,9
461,happening,9
1564,eggs,9
1002,visit,9
420,gain,9
2215,crayons,9
2713,terror,9
527,past,9
2022,book,9
1029,playtime,9
431,spurts,9
629,hearing,9
861,vary,9
1051,upright,9
670,knows,9
1053,feet,9
1245,solids,9
852,especially,9
828,twomonthold,9
1225,train,9
273,wonder,9
655,else,9
2570,theyll,9
990,habits,9
1595,activity,9
1272,ability,9
198,care,9
1392,considered,9
1170,vomiting,9
947,part,9
955,stretches,9
933,seven,9
1150,hand,9
1203,force,9
973,wait,9
22,life,9
707,move,9
1968,music,9
2399,challenging,9
1127,leave,9
2609,dinner,9
1376,later,9
785,tricks,9
694,developmental,9
1201,slow,9
697,trouble,9
1546,tablespoons,9
910,continues,9
486,mobile,8
1655,join,8
511,toward,8
813,specific,8
1073,appetite,8
1206,throw,8
1084,sign,8
1180,switch,8
354,sees,8
1713,support,8
144,order,8
479,faces,8
1204,allergy,8
450,tired,8
812,following,8
1712,ninemonthold,8
39,addition,8
800,otherwise,8
1101,sing,8
1678,ground,8
2296,root,8
2503,pressure,8
1610,telling,8
1370,reaction,8
45,legs,8
1108,ideal,8
2272,consistent,8
2478,draw,8
1377,name,8
1378,shows,8
1710,nine,8
2387,painful,8
651,colors,8
391,voice,8
1261,dada,8
1558,options,8
903,social,8
1743,delay,8
1792,dad,8
1720,youve,8
1495,changes,8
1550,certain,8
980,skill,8
1334,dealing,8
528,divide,8
921,range,8
583,feeling,8
1779,whites,8
2712,terrors,8
3366,school,8
2381,vocabulary,8
2809,learns,8
1509,place,8
2154,portions,8
1020,clear,8
1338,tears,8
11,changing,8
430,nurse,8
639,parts,8
1063,mouth,8
841,staying,8
2196,havent,8
1247,choking,8
151,cues,8
3054,sentences,8
621,gained,8
971,sleeptrain,7
2064,terrible,7
1970,singing,7
1982,toddlerhood,7
1603,emotions,7
476,foot,7
2389,pearly,7
883,perhaps,7
409,turning,7
1501,climb,7
1410,textures,7
1648,balance,7
1521,color,7
1066,olds,7
1398,across,7
1076,slightly,7
1991,oneyearold,7
2852,says,7
405,communicate,7
3155,woes,7
473,aka,7
1080,healthily,7
924,closer,7
793,sleepy,7
332,experience,7
1120,happy,7
1485,green,7
1627,catch,7
327,strangers,7
1048,upper,7
2312,key,7
858,pound,7
988,several,7
1052,push,7
1132,tons,7
1054,onto,7
2447,stories,7
782,reasons,7
1460,miss,7
1899,party,7
775,exactly,7
1894,game,7
2784,boy,7
757,falling,7
2201,children,7
1730,bounds,7
1683,pulling,7
1729,leaps,7
1685,cruising,7
524,amount,7
630,developed,7
234,dark,7
632,fully,7
570,minute,7
522,content,7
702,object,7
573,changed,7
2634,themself,7
1242,grows,7
2783,girl,7
580,completely,7
1757,diet,7
515,takes,7
681,keeping,7
649,white,7
1215,sleeper,7
277,believe,7
2557,fear,7
2652,asking,7
2205,shouldnt,7
2561,run,7
1192,avocado,7
2564,lower,7
2525,aim,7
263,bath,7
1750,physical,7
2148,challenge,7
531,approximately,7
258,feels,7
529,number,7
1259,hear,7
2095,pull,7
2127,special,7
2655,pants,7
1077,boobs,6
2458,ducts,6
2572,kiddo,6
1567,yolk,6
1082,previously,6
2302,setting,6
388,cool,6
2456,dropping,6
2904,habit,6
1956,digestive,6
2344,build,6
1788,resist,6
268,sight,6
1925,becomes,6
824,dose,6
833,plan,6
1454,napping,6
1078,emptied,6
533,eats,6
2459,infection,6
1294,hide,6
429,cuddle,6
2176,broccoli,6
1172,low,6
1961,super,6
2762,screen,6
585,mommy,6
1473,board,6
1948,trick,6
103,falls,6
622,grown,6
1352,front,6
6,figure,6
434,begins,6
355,coming,6
264,far,6
2444,wind,6
1726,furniture,6
2577,repetition,6
243,free,6
2310,definitely,6
2014,recipes,6
2801,sharing,6
2438,nightmares,6
1457,pain,6
633,familiar,6
2281,series,6
2958,puzzles,6
1149,bringing,6
2099,tots,6
2672,firm,6
1853,exercising,6
1301,milestone,6
302,taste,6
1885,helping,6
550,create,6
1134,newfound,6
2062,surprised,6
1841,piece,6
1317,rice,6
1193,bananas,6
2674,adhd,6
2734,vitamins,6
1676,cooked,6
949,turns,6
754,straight,6
2671,goodbyes,6
494,cry,6
2067,phase,6
38,amazing,6
1653,table,6
1184,high,6
483,patterns,6
2659,meltdowns,6
1513,drop,6
727,handle,6
1390,expected,6
2513,goes,6
1867,beans,6
1857,bite,6
700,respond,6
772,waiting,6
1374,mealtime,6
1431,tooth,6
934,perfectly,6
507,keeps,6
1813,kisses,6
1441,allergic,6
2727,¾,6
672,touch,6
2730,choosing,6
805,sticking,6
2993,pedal,6
2817,cookbooks,6
693,hitting,6
2467,struggle,6
458,parent,6
2468,discuss,6
2994,tricycle,6
1346,flip,6
288,period,6
3047,verbal,6
1530,pincer,6
282,luckily,6
1430,third,6
2386,cutting,6
2816,toddlerfriendly,6
505,side,6
1996,understanding,5
1298,either,5
183,worried,5
968,widely,5
1320,introducing,5
1269,suspect,5
2007,clean,5
225,happens,5
1498,includes,5
2805,quiet,5
2002,oneyearolds,5
2142,transitioning,5
232,playful,5
1993,moments,5
394,question,5
390,recognizes,5
3098,stairs,5
2139,dreams,5
250,end,5
249,sids,5
196,seeking,5
1173,shots,5
257,beginning,5
996,dtap,5
2725,plugged,5
3139,stubborn,5
2726,emotional,5
160,clock,5
2276,disorder,5
2795,reassure,5
1372,flavors,5
1211,morning,5
2209,chores,5
2213,coloring,5
1137,pushing,5
1194,potatoes,5
1143,natural,5
318,comfortable,5
1145,percentile,5
316,outside,5
2221,buy,5
1188,chair,5
2065,twos,5
305,increase,5
556,looks,5
1383,wanting,5
1167,touches,5
1223,said,5
1074,certainly,5
1230,middleofthenight,5
1026,people,5
1000,immunizations,5
1348,assured,5
1005,fourmonthold,5
382,eye,5
3253,imagination,5
1262,busy,5
1011,imitate,5
1017,crazy,5
1018,quick,5
262,real,5
1028,makes,5
115,fresh,5
1476,mind,5
1034,frustrated,5
1252,space,5
368,reason,5
2722,stress,5
2191,adjust,5
2023,song,5
1243,vaccines,5
1059,worth,5
2025,rush,5
1984,formerly,5
2950,cardboard,5
1983,tall,5
1812,late,5
854,tends,5
2443,refuse,5
2933,shy,5
691,patient,5
2546,clothes,5
2548,dance,5
680,asks,5
1587,enjoy,5
867,steady,5
17,hang,5
872,bigger,5
70,lose,5
661,sense,5
660,chat,5
653,rather,5
881,conversation,5
2573,upcoming,5
1573,benefit,5
1722,pointing,5
885,shoulders,5
516,huge,5
887,position,5
2446,devices,5
3337,friends,5
442,kind,5
2699,truth,5
1616,distract,5
1919,given,5
2463,limit,5
2498,cuspids,5
755,tap,5
816,supplementing,5
1607,eightmonthold,5
1649,fats,5
1924,exploring,5
820,american,5
821,academy,5
822,pediatrics,5
823,recommends,5
827,vaccine,5
2696,bout,5
725,balls,5
2930,causing,5
723,thumb,5
3012,expectations,5
714,seeing,5
1928,clearly,5
2578,whining,5
2466,power,5
2705,hurt,5
1553,eater,5
2641,friend,5
1748,due,5
564,office,5
1752,blood,5
1555,wrong,5
2405,wall,5
1552,unprocessed,5
2951,box,5
2639,stuffed,5
1782,snooze,5
76,fluids,5
549,efforts,5
925,drooling,5
587,ago,5
1957,system,5
565,appointment,5
2415,line,5
2591,session,5
2374,median,5
1908,figuring,4
1760,drinks,4
330,wearing,4
2788,encouraging,4
2761,tempting,4
1875,beef,4
2794,linger,4
2732,modeling,4
1322,overdo,4
2060,mood,4
2159,onefourth,4
1865,peaches,4
1325,nutrients,4
4,babys,4
1391,upward,4
2830,undress,4
2963,clothing,4
586,abilities,4
789,mix,4
2240,effect,4
2150,take—or,4
2736,supplement,4
2487,kicking,4
472,paying,4
2250,ton,4
555,repeat,4
2681,evaluation,4
1900,send,4
2505,exhibiting,4
2946,praise,4
1420,directions,4
202,—,4
2253,erupting,4
1877,spoon,4
1766,groups,4
1629,lean,4
1156,distance,4
1425,pass,4
468,anyhow,4
2098,careful,4
1801,teaching,4
718,fed,4
1740,ninemontholds,4
1226,personal,4
12,oh,4
1364,someone,4
3388,everyone,4
1789,information,4
2601,ride,4
1233,scary,4
182,works,4
2599,riding,4
2835,places,4
1368,youd,4
2772,program,4
2114,found,4
1241,list,4
1725,uses,4
2650,phrases,4
521,intake,4
1357,convertible,4
259,sometime,4
2776,experiences,4
2180,pinto,4
2269,dropoff,4
2132,immediately,4
1197,popular,4
1679,bits,4
712,general,4
2608,bathroom,4
1845,frequent,4
625,prepared,4
1689,chalk,4
20,freak,4
2219,wipe,4
547,preschool,4
698,sucking,4
2129,routine—and,4
1753,test,4
157,breastfeed,4
692,progress,4
1700,kitchen,4
1373,please,4
1704,wooden,4
2177,provide,4
2996,twoyear,4
1705,spoons,4
509,fists,4
324,cold,4
1042,babble,4
105,settled,4
2867,potentially,4
1570,suggests,4
373,tries,4
2719,wild,4
3058,tantrum,4
1574,needed,4
1579,constantly,4
2721,upsetting,4
1944,walks,4
369,scoop,4
367,seemingly,4
3249,bad,4
1464,remove,4
1482,shopping,4
3121,building,4
53,cries,4
433,shorter,4
2445,bedtime—turn,4
2024,lights,4
2700,proper,4
437,exciting,4
1927,checked,4
2454,manners,4
2301,opportunities,4
2028,commonly,4
116,air,4
1481,grocery,4
1012,hears,4
2697,holiday,4
2347,sorting,4
94,called,4
2711,mattress,4
946,large,4
401,light,4
2149,day—give,4
1537,click,4
2819,develops,4
926,refuses,4
974,naturally,4
1967,listen,4
2001,dog,4
1966,door,4
984,cranky,4
3062,gently,4
2003,notorious,4
2407,boundaries,4
2408,consequences,4
993,vaccinations,4
1958,mature,4
995,pcv,4
997,hib,4
2008,plate,4
1491,babyproofed,4
1003,shot,4
2864,beware,4
1488,ninemonth,4
831,sooner,4
1310,bottles,4
1075,gotten,4
453,kick,4
1105,true,4
2729,lets,4
345,chance,4
1437,pureed,4
2689,mild,4
2286,frustration,4
3244,ease,4
2464,unhealthy,4
1081,doublecheck,4
2731,preparing,4
1436,almost,4
1921,taller,4
806,pattern,4
337,alert,4
825,hepatitis,4
1897,spider,3
1565,pediatricians,3
2880,convincing,3
1728,mastering,3
121,somewhere,3
1419,rolls,3
1418,etc,3
1793,regressions,3
2009,club,3
1794,restful,3
1800,brush,3
1738,couch,3
1799,toothpaste,3
1561,cow,3
3237,accidents,3
1349,sixmonth,3
2882,nightmare,3
1516,circumference,3
1955,officially,3
1795,ever,3
2803,praising,3
2821,park,3
1496,knees,3
1901,invitations,3
1620,easier,3
3266,properly,3
1519,rate—on,3
2147,issue,3
1315,enjoys,3
1520,office—and,3
3433,underwear,3
1531,pointer,3
1773,tiny,3
1764,sugar,3
2849,resisting,3
2144,absolutely,3
1435,temperature,3
1777,recommendation,3
3465,childrens,3
1997,understands,3
1538,biggest,3
1918,mention,3
1427,gums,3
1902,advance,3
2133,strategies,3
2049,correct,3
1965,behind,3
1335,families,3
2843,lecture,3
1568,newer,3
2131,trips,3
1440,meantime,3
1359,backward,3
3423,pronouns,3
1569,research,3
3491,trained,3
1823,increasing,3
1652,add,3
1825,fill,3
1827,everyday,3
2076,slowing,3
1463,patience,3
1696,awesome,3
1654,menu,3
3283,library,3
1831,ignore,3
1592,describe,3
1874,eaten,3
1397,improving,3
1395,depth,3
52,communicating,3
1456,anymore,3
1846,helpful,3
114,block,3
1933,poke,3
1870,meat,3
1866,carrots,3
1666,carrot,3
1601,situations,3
36,partner,3
2829,imaginative,3
1384,story,3
1674,turkey,3
3206,outings,3
1703,items,3
1465,soothe,3
3282,topic,3
1807,experiment,3
3208,store,3
3308,goodnight,3
1443,excellent,3
1887,buttons,3
1805,scoot,3
1880,consists,3
3521,rainy,3
1571,allergenic,3
3199,playdoh,3
1572,entirely,3
1444,banana,3
1446,brown,3
2015,welcome,3
1409,touching,3
3245,daycare,3
3353,grammar,3
56,hiccups,3
2106,frustrating,3
1949,benefits,3
2104,difficult,3
2869,behaving,3
1605,watching,3
1471,instruments,3
1470,musical,3
1404,sixmontholds,3
1371,dislikes,3
2071,dancing,3
50,temporary,3
2046,fourth,3
310,stronger,3
2151,count,3
2404,acting,3
2378,backwards,3
942,including,3
410,search,3
3812,threeyearolds,3
937,gross,3
936,consistency,3
931,twice,3
929,complicated,3
226,learned,3
3072,wagon,3
2706,would,3
418,yay,3
3070,stroller,3
2704,scare,3
2406,explore,3
2710,rails,3
2414,daddys,3
2417,timeout,3
894,movements,3
891,muscles,3
2422,negative,3
425,wish,3
2428,occasional,3
427,responding,3
428,signals,3
2440,remind,3
863,caught,3
438,interesting,3
845,stuff,3
2452,event,3
2709,bigkid,3
959,medical,3
2284,biter,3
2717,injury,3
358,bond,3
1065,surface,3
2307,favorites,3
1060,smile,3
363,unfortunately,3
364,colic,3
2311,unless,3
2723,overtiredness,3
1045,swing,3
2322,raw,3
2327,dogs,3
2328,eaters,3
2720,disruptions,3
1027,interacting,3
3108,feelings,3
402,pay,3
2716,unresponsive,3
2715,episode,3
2714,defined,3
999,rotavirus,3
998,poliovirus,3
994,pneumococcal,3
989,enforce,3
985,harder,3
983,overtired,3
392,smell,3
3102,interest,3
2351,master,3
2353,fork,3
2354,messy,3
834,date,3
826,b,3
2462,tabs,3
2585,stall,3
2541,allow,3
674,blanket,3
506,lift,3
2565,round,3
2568,½year,3
513,voices,3
656,fancy,3
514,noises,3
2571,ditch,3
2934,approval,3
642,processing,3
2579,annoying,3
2581,fears,3
2584,refill,3
2649,twoword,3
817,vitamin,3
2586,balanced,3
2977,share,3
2935,approval…or,3
610,measures,3
3772,finally,3
2936,disapproval,3
2604,sort,3
541,eightandahalf,3
595,job,3
578,turned,3
576,person,3
2957,puzzle,3
2956,details,3
2623,selfcare,3
687,hasnt,3
3003,serve,3
3004,pingpong,3
695,red,3
2694,young,3
2691,tablet,3
807,predictable,3
2465,treats,3
464,effort,3
2470,quality,3
2471,bonding,3
2472,perfect,3
474,onemonth,3
475,vision,3
765,consuming,3
2504,study,3
752,quantity,3
750,distinct,3
749,identify,3
487,hanging,3
3020,cars,3
738,congested,3
2517,rituals,3
2521,increments,3
729,runny,3
2523,barely,3
719,pooping,3
495,discourage,3
2932,train—its,3
708,overly,3
3006,chopped,3
3005,marbles,3
2535,permanent,3
1072,hair,3
3059,art,3
290,twoweekold,3
2263,prone,3
2230,aside,3
2224,fit,3
2260,among,3
2738,rarely,3
2182,prunes,3
1289,pattycake,3
1224,lasts,3
2194,wean,3
3150,prevention,3
3151,fourword,3
1229,dropped,3
3152,intervention,3
2733,worries,3
3588,toilet,3
2169,vegetables,3
2754,didnt,3
1154,funny,3
247,reduce,3
2898,drawing,3
2175,leafy,3
2178,fortified,3
1146,indicator,3
2179,dried,3
2181,refried,3
1238,safety,3
2197,straw,3
2246,toes,3
1265,normally,3
2183,wheat,3
1153,peekaboo,3
1096,stretch,3
2192,accordingly,3
1097,totaling,3
231,bright,3
3144,cognitive,3
350,dirty,3
2894,cook,3
2193,cows,3
2216,scribble,3
309,neck,3
280,constant,3
1111,surprisingly,3
2217,paper,3
2238,coordination,3
1248,hazards,3
314,flat,3
1263,handy,3
1114,brains,3
239,difference,3
2161,based,3
2223,shoes,3
1185,periods,3
1221,soundly,3
3160,afraid,3
3010,boredom,2
2516,exact,2
2190,sources,2
2875,secure,2
2115,routine—though,2
2660,stressful,2
3319,beat,2
3011,manage,2
3015,sampling,2
3013,inspecting,2
3014,them—don,2
3320,em,2
3326,wood,2
2831,task,2
2195,limited,2
1863,puree,2
2508,weird,2
1869,crackers,2
2511,preference,2
1904,shine,2
2826,doll,2
2742,rhymes,2
2206,eat—but,2
3043,playlist,2
2477,picasso,2
2479,lines,2
1898,planning,2
3038,resistant,2
2827,actions,2
2489,climber,2
3306,repetitive,2
3027,piano,2
1889,switches,2
2744,page,2
2105,challenges,2
3025,kidfriendly,2
3023,onthego,2
1883,necessarily,2
3021,wagons,2
2199,inhibit,2
2198,decay,2
3315,involved,2
2529,wellrounded,2
2925,raisins,2
2664,beforehand,2
2663,wellrested,2
2509,exposed,2
1872,chicken,2
3009,unlike,2
3343,secured,2
2747,bubbles,2
2141,pains,2
2850,washing,2
2646,carried,2
2162,notoriously,2
3181,guns,2
2967,class,2
2969,swimming,2
3180,tuck,2
2832,playthings,2
2973,informal,2
1796,anemia,2
1798,fluoride,2
2138,experiencing,2
3179,exit,2
3177,disrupt,2
1790,them…,2
2603,underhand,2
2640,animal,2
3362,dressed,2
2756,brushing,2
2605,shape,2
2637,battles,2
2964,enroll,2
2962,dress,2
2613,blankie,2
1778,allergen,2
3187,sticks,2
2158,yesterday,2
2955,decorate,2
2954,playhouse,2
2892,windows,2
2633,express,2
2134,establish,2
2583,sun,2
2168,nothing,2
2542,seen,2
3008,foods—even,2
1843,refer,2
3334,punishments,2
2532,stacking,2
2186,stage,2
1840,cheer,2
3335,breaks,2
3176,fairly,2
1835,pushes,2
2536,markers,2
1907,assume,2
2887,mornings,2
2124,refusal,2
3347,knives,2
3000,hates,2
2980,center,2
2992,sturdy,2
1819,instructions,2
3350,traits,2
2990,nears,2
1816,affection,2
2888,highly,2
2126,needing,2
2989,urge,2
2560,hits,2
2833,restaurant,2
1806,cruise,2
2575,odd,2
2897,siblings,2
1803,obstacle,2
3301,frame,2
2285,particularly,2
2912,interests,2
2054,safer,2
2365,cleanup,2
3226,delays,2
2364,dangerous,2
2361,trash,2
3261,warm,2
3095,confidence,2
2735,multivitamin,2
3260,sweat,2
1995,counts,2
2056,pacifier,2
2793,scene—especially,2
2251,walkers,2
3259,leading,2
3154,successes,2
2349,holes,2
2372,pitch,2
2247,disappear,2
2807,calling,2
2792,upset,2
3273,action,2
2242,clap,2
3158,wear,2
3224,sentence,2
2244,drama,2
3272,bear,2
3269,correctly,2
2808,bedroom,2
2815,impact,2
3082,write,2
2813,possibly,2
2380,form,2
2708,convert,2
2375,wide,2
2345,tower,2
2053,infant,2
2911,entertaining,2
3105,alone,2
2270,grandmas,2
2021,personally,2
2320,mash,2
2273,return,2
3124,duplos,2
2279,atypical,2
2796,basic,2
2039,beneath,2
2724,contribute,2
3126,dolls,2
3128,animals,2
2280,communication,2
3243,warnings,2
3246,comforting,2
2294,night—even,2
2324,grapes,2
3236,setbacks,2
2019,state,2
2338,mini,2
2341,carts,2
2048,speak,2
3107,firmly,2
2339,lawn,2
2011,stops,2
2261,agree,2
2047,oneyear,2
2334,everythings,2
3109,angry,2
2718,flail,2
2265,left,2
2268,sensitive,2
3251,hidden,2
3110,explain,2
3274,projects,2
2857,twentymontholds,2
3079,thorough,2
3159,today,2
1936,paints,2
2449,noticed,2
1937,magazines,2
2448,convince,2
2442,truly,2
3168,playground,2
3167,phone,2
1941,moment,2
2439,reassuring,2
2854,decisions,2
1945,daring,2
2855,teddy,2
1947,fullfledged,2
2437,serious,2
2436,reality,2
3051,hip,2
2698,solution,2
2097,wow,2
2853,bites,2
2741,bitsy,2
1910,testing,2
3299,stuttering,2
2686,creatures,2
1915,shyness,2
3295,adapt,2
2688,eighteenmontholds,2
2457,clogged,2
3173,million,2
2218,sweep,2
2288,acceptable,2
1923,excited,2
2740,itsy,2
2695,consistently,2
3209,aquarium,2
3280,briefly,2
2701,savvy,2
2401,discipline,2
1959,mixing,2
1960,amounts,2
2786,chatterbox,2
2232,practically,2
2403,realize,2
3163,mega,2
1963,curious,2
2703,effectively,2
3071,smoothly,2
2707,rolled,2
2073,upwardly,2
2396,sweeping,2
2856,truck,2
3075,trike,2
2409,disciplining,2
2822,practicing,2
3279,blue,2
3214,bag,2
3278,sky,2
3213,regress,2
2426,demonstrate,2
3368,dropoffs,2
3060,distraction,2
2423,lessons,2
2228,walker,2
2702,jailbreak,2
2229,trust,2
3063,back—and,2
3166,walls,2
3065,curb,2
2737,gummies,2
3068,dominoes,2
3074,bike,2
2844,theyve,2
1396,perception,2
1129,bathe,2
1161,rings,2
1467,chooses,2
1155,giggling,2
1474,magazine,2
3482,preschools,2
1479,errands,2
1480,exercise,2
1484,apples,2
760,efficient,2
1487,flu,2
478,silly,2
477,gaze,2
763,spend,2
3477,level,2
1499,tumble,2
764,teeny,2
1130,laughing,2
489,blackandwhite,2
1458,creep,2
1455,complain,2
501,chatting,2
1429,cuts,2
1434,sixmonthold,2
534,larger,2
530,feeds,2
526,increased,2
517,chunk,2
3791,developmentally,2
500,now—and,2
1453,ten,2
499,seconds,2
3492,must,2
1450,squash,2
1165,finding,2
493,basically,2
739,info,2
492,hate,2
469,flow,2
1508,strapped,2
538,split,2
3606,empathy,2
1554,chew,2
1557,grain,2
419,issues,2
3456,condition,2
1575,gnash,2
1098,heard,2
1577,wee,2
407,smacking,2
1581,similar,2
778,personalities,2
383,motions,2
781,personalized,2
1588,tray,2
1589,rearfacing,2
1591,colorful,2
1593,pictures,2
3446,monster,2
3460,creativity,2
1547,mostly,2
1104,tried,2
1117,creature,2
1122,scheduled,2
1121,fourmonth,2
452,instincts,2
1524,copy,2
1525,tones,2
1526,babbles,2
1527,chatty,2
449,tripping,2
1545,tablespoon,2
1528,peek,2
1112,encourages,2
1536,adorable,2
1539,main,2
444,future,2
774,exceptions,2
1544,depending,2
1168,neverending,2
542,interruptions,2
3445,spray,2
1365,blame,2
1264,phrase,2
636,ears,2
1336,swear,2
3531,monsters,2
1260,wonderful,2
1258,reward,2
627,demanding,2
1256,conversations,2
1343,lying,2
1344,comfy,2
1345,nursery,2
1253,topple,2
3567,fruitandveggie,2
616,sizes,2
689,smiling,2
1236,occasionally,2
3576,parade,2
3564,juices,2
3563,theyd,2
3559,hectic,2
1280,grab,2
3548,mastered,2
1292,fingers,2
1293,permanence,2
3751,lie,2
3545,therapist,2
675,held,2
676,moved,2
1279,spot,2
1324,missing,2
1307,minor,2
1309,nose,2
1313,decided,2
1318,largely,2
1319,him—up,2
3539,bunch,2
1323,it—baby,2
607,cute,2
701,loud,2
1423,sits,2
1367,hug,2
3781,judge,2
1400,closely,2
3783,sugary,2
568,whenever,2
561,sample,2
728,congestion,2
1190,double,2
3506,honestly,2
730,stuffy,2
1411,babbling,2
553,evolve,2
1183,holds,2
1179,rhythm,2
1177,beats,2
1176,heart,2
1417,mamamama,2
1422,picks,2
1205,fourmontholds,2
1208,switching,2
709,loose,2
1220,deeply,2
604,cooing,2
3517,accomplishment,2
1227,choice,2
1222,know—easier,2
598,or…,2
1380,act,2
1381,differently,2
1219,term,2
1393,aokay,2
703,moves,2
589,trusting,2
584,confident,2
1387,th,2
579,upside,2
1389,plot,2
3778,roles,2
377,crossed,2
3612,interfere,2
1290,reaching,2
1638,scooting,2
856,fussy,2
1663,unsweetened,2
1038,contact,2
1039,follows,2
1040,mimicking,2
195,advise,2
855,peak,2
1658,plaything,2
1043,gym,2
78,nervous,2
203,treat,2
1650,carbohydrates,2
1044,storm,2
221,dayold,2
1645,majority,2
3694,counting,2
74,lost,2
969,report,2
842,socialize,2
236,hopefully,2
956,lucky,2
1732,nearly,2
1049,opens,2
1640,altogether,2
1734,welldeveloped,2
909,smiles,2
1639,skip,2
857,worrying,2
1667,cheddar,2
3387,precedent,2
1004,effects,2
1698,bathtime,2
970,sixhour,2
884,lifting,2
98,attached,2
880,delight,2
97,cord,2
1694,successful,2
981,fighting,2
96,umbilical,2
3645,wipes,2
1691,younger,2
1702,babysafe,2
3852,visits,2
3689,creating,2
3406,towers,2
3407,span,2
1008,arm,2
147,supply,2
1677,except,2
1716,picking,2
874,complex,2
3409,cones,2
3686,cookie,2
868,upswing,2
904,butterfly,2
176,opposite,2
1736,all—they,2
888,belly,2
1636,motion,2
1763,added,2
3665,imaginary,2
293,exhausted,2
299,sessions,2
818,drops,2
923,however,2
945,bottlefeeding,2
1069,articles,2
3436,playdate,2
803,incorporate,2
323,hot,2
1739,coffee,2
349,hunger,2
1615,caregiver,2
1070,spitting,2
3705,collage,2
14,relax,2
1608,separating,2
1758,hello,2
922,impossible,2
342,former,2
1071,losing,2
940,watery,2
3430,single,2
260,postbirth,2
1746,require,2
1633,rocking,2
366,appear,2
1747,backandforth,2
3382,kindly,2
3442,nightlight,2
274,dream,2
1630,grooving,2
3381,visitor,2
935,frequency,2
1749,measured,2
3443,open,2
951,assure,2
3379,naptime,2
3736,thirtyfourmontholds,1
3064,monthold—and,1
3073,wheeled,1
3076,built,1
3662,—he,1
3679,ups,1
3678,protect,1
2991,balancing,1
3735,humor,1
3748,lying—it,1
3663,irritable,1
3749,destined,1
3007,dominoes—these,1
3061,throws,1
3676,essential,1
3737,fuel,1
3680,downs,1
3677,rex,1
3672,grounded,1
3675,resists,1
3002,role,1
2999,private,1
3669,anyway,1
3743,warning,1
3744,dozen,1
2998,alarmed,1
3745,handson,1
3671,fitting—a,1
3001,flails,1
3742,dates,1
3741,circle,1
2997,exploration,1
3668,told,1
3667,pretending,1
3674,road,1
3740,solo,1
3739,soda,1
3666,invention,1
3746,oldschool,1
3664,anywhere,1
2995,reaches,1
3738,obesity,1
3747,timemonthold,1
3069,cracks,1
3673,twominute,1
3067,reject,1
3066,members,1
3670,displaying,1
3045,billionth,1
3681,vacuum,1
3702,interlocking,1
3715,strap,1
3701,memory,1
3700,ladders,1
3699,chutes,1
3698,land,1
3034,hands—to,1
3033,elbow—not,1
3032,crook,1
3031,sneeze,1
3697,candy,1
3048,astonished,1
3030,wrap,1
3696,introductory,1
3029,interrupting,1
3049,made,1
3028,drums,1
3716,sunny,1
3035,spread,1
3750,crime,1
3734,agenda,1
3703,graduate,1
3044,played,1
3711,sunglasses,1
3712,widebrimmed,1
3710,pair,1
3709,on—a,1
3708,wear—or,1
3713,hat,1
3707,glue,1
3042,replay,1
3041,stability,1
3040,maintain,1
3706,photos,1
3039,stressing,1
3714,chin,1
3037,likemonthold,1
3036,germs,1
3704,bloks,1
3717,pottytrained,1
3026,xylophones,1
3695,numbers,1
3024,noise,1
3053,cuddly,1
3685,sandwiches,1
3726,fourstep,1
3684,presentation,1
3016,dressup,1
3727,pace,1
3728,bossiness,1
3729,tyrant,1
3055,closely—learning,1
3056,emotions—especially,1
3057,wellfed,1
3683,remedied,1
3730,thinks,1
3731,revolves,1
3732,her—you,1
3682,overall,1
3733,distractible,1
3046,embrace,1
3725,totals,1
3017,vehicles,1
3721,rules—essential,1
3050,squishy,1
3718,wears,1
3719,sleepmonthold,1
3693,appealing,1
3022,pushcarts,1
3692,pops,1
3720,socialization,1
3722,career,1
3018,cash,1
3691,ice,1
3723,necessity,1
3690,smoothies,1
3688,scenes,1
3687,cutter,1
3019,registers,1
3724,chubby,1
3052,leaned,1
3370,directions—with,1
2988,do—the,1
3811,visitmonthold,1
2902,hygiene,1
2901,minibroom,1
2900,spills,1
2899,stack,1
3840,surprising,1
3841,public,1
3842,breaking,1
3843,thought,1
2895,starve,1
3844,ageappropriate,1
2893,shortorder,1
3845,tenth,1
2891,curtains,1
2890,shades,1
2889,blackout,1
3846,brother,1
2886,zzzs,1
2885,weve,1
2884,clue,1
2883,disturbance,1
3847,sink,1
3848,willfully,1
2881,promise,1
3849,ditching,1
2879,ownership,1
2903,wash,1
3839,talked,1
2905,dentists,1
3825,publishes,1
3814,curiosities,1
3815,launching,1
3816,scientific,1
3817,explanation,1
3818,measurements,1
3819,confirm,1
3820,mispronounces,1
3821,improper,1
3822,stays,1
3823,bedwetting,1
3824,emerged,1
3826,par,1
3838,poll,1
3827,peers,1
3828,threeyear,1
3829,determine,1
3830,delayed,1
3831,do—like,1
3832,giant,1
3833,tower—but,1
3834,hoped,1
3835,territory,1
3836,guilty,1
3837,behavioral,1
2878,together—itll,1
2877,bigboy,1
2876,plunge,1
3877,corkboard,1
3866,elsewhere,1
3867,weeknight,1
3868,expressive,1
3869,facts,1
3870,educational,1
3871,colored,1
3872,nontoxic,1
3873,pride,1
3874,artwork,1
3875,faves,1
3876,fridge,1
3878,necessary,1
3865,hungrier,1
3879,childhood,1
3880,annually,1
3881,perspective—and,1
2851,hands…and,1
3882,probing,1
3883,rare,1
3884,symbols,1
2848,rebel,1
2847,nextmonthold,1
2846,subside,1
2845,outburst,1
2858,sides,1
2859,funloving,1
3850,interferes,1
3858,flailing,1
2874,hurting,1
3851,businesslike,1
2873,hurts,1
2872,punishment—biting,1
3853,thirsty,1
2871,overreacting,1
2870,badly,1
3854,kiss,1
3855,wreak,1
3856,havoc,1
3857,episodes,1
3859,deep,1
2860,energetic,1
2868,experimentation,1
3860,lighter,1
2866,everchanging,1
2865,almostyearold,1
2863,nows,1
3861,smaller,1
2862,disrupted,1
3862,nutritional,1
3863,value,1
3864,junk,1
2861,pop,1
3813,pondering,1
3810,yearcheckup,1
3752,significant,1
3809,begs,1
3769,pressing,1
2972,afloat,1
2971,strength,1
2970,muscle,1
3770,harm,1
2968,official,1
3771,pause,1
2966,swim,1
3773,freeing,1
3774,daddy,1
2965,mommyandme,1
3775,vice,1
3776,versa,1
3777,offended—its,1
2961,tagging,1
2960,tag,1
2959,appeal,1
3779,reverse,1
3078,experienced,1
3780,exhausting,1
3782,salty,1
2953,cheap—indoor,1
2952,instant—and,1
3784,saved,1
2949,reassurance,1
2974,programs,1
3768,hurry,1
2975,water—and,1
3759,instance,1
2987,allowed,1
2986,doing—or,1
3753,invent,1
3754,alternate,1
2985,supposed,1
2984,model,1
3755,disappoint,1
2983,rude,1
3756,punishing,1
3757,confronting,1
3758,crumbs,1
2982,downright,1
2976,dangers,1
3760,importance,1
2981,universe—her,1
3761,hundreds,1
3762,speaks,1
3763,smartypants,1
3764,straightish,1
2979,sharingmonthold,1
3765,required,1
3766,tricycle—,1
3767,mixed,1
2978,overemphasizing,1
2948,forms,1
2947,consume,1
2945,fight,1
3799,figures…you,1
2918,shiny,1
2917,dig,1
2916,asher,1
2915,trucks,1
2914,crashing,1
2913,sophia,1
3796,acorns,1
3797,pine,1
2910,finemonthold,1
3798,rocks,1
2909,type,1
3800,lowcost,1
3795,collect,1
2908,skin,1
2907,shampooing,1
2906,dab,1
3801,emotionally,1
3802,phases,1
3803,barking,1
3804,video,1
3805,target,1
3806,ordeal,1
3807,coollooking,1
3808,whines,1
2919,pink,1
2920,heels,1
2944,prefer,1
3789,liking,1
3785,occasions,1
3786,struggle—dont,1
2943,surprise,1
2942,night—can,1
3787,instances,1
2941,adhering,1
3788,exposure,1
2940,encounter,1
2939,development—and,1
2938,positively,1
2937,behaves,1
3790,freely,1
2921,genderspecific,1
2931,discomfort—some,1
2929,twostep,1
2928,squat,1
2927,orifices,1
3792,pedaling,1
3793,helmet,1
2926,beads—in,1
3794,collecting,1
2924,objects—like,1
2923,warned,1
2922,toys—they,1
3077,childproofing—now,1
3625,psychologist,1
3661,teeth—the,1
3438,demands,1
3461,singalong,1
3462,songs—and,1
3275,spaceship,1
3463,accompanying,1
3464,digs,1
3466,museums,1
3271,hiding,1
3270,seek,1
3268,bulky,1
3467,zoos,1
3468,gyms,1
3267,scribbling,1
3469,libraries,1
3265,counteract,1
3264,nutrient,1
3263,supplements,1
3262,tasting,1
3470,bookstores,1
3471,aquariums,1
3472,bake,1
3473,ie,1
3474,heat,1
3475,hardtoshare,1
3476,kiddos,1
3258,night—and,1
3276,critically,1
3459,limiting,1
3458,sick—for,1
3285,stillness,1
3293,troublemaker,1
3292,daycare—and,1
3440,stimulating—can,1
3441,indulge,1
3291,angel,1
3444,crack,1
3290,hides,1
3289,outgoing,1
3288,emotionsmonthold,1
3287,explaining,1
3286,emotion,1
3284,whopping,1
3457,stools—but,1
3281,suggest,1
3447,repellant,1
3448,fears—it,1
3449,oreo,1
3450,apple,1
3451,slices,1
3452,load,1
3453,neglect,1
3454,proteins,1
3277,thinking,1
3455,result,1
3257,adjustment,1
3478,tub,1
3256,woken,1
3503,–,1
3498,torn,1
3499,insists,1
3233,therapy,1
3232,evaluated,1
3231,hugely,1
3501,anxious,1
3230,mentioned,1
3229,charts,1
3228,rates,1
3502,lovey,1
3227,overcome,1
3504,familys,1
3234,victory,1
3505,fearful,1
3225,cracker,1
3507,quietly,1
3223,combine,1
3222,optionsmonthold,1
3508,styles,1
3509,cooking,1
3510,dishes,1
3221,lowtotheground,1
3220,tent,1
3219,checking,1
3497,fickleness,1
3235,congrats,1
3255,—after,1
3488,midpoint,1
3254,own—without,1
3479,fails,1
3480,shower,1
3481,browsing,1
3252,sorts,1
3483,childmonthold,1
3250,crave,1
3484,months—aka,1
3485,years—old,1
3486,wellchild,1
3487,occurs,1
3489,jumping,1
3496,socks,1
3248,hitter—shows,1
3247,child—not,1
3490,thirtymontholds,1
3493,weekend,1
3494,decline,1
3242,concentrates,1
3241,concentration,1
3240,thrilled,1
3495,diy,1
3239,accident,1
3238,overnight,1
3439,routine—free,1
3294,inconsistency,1
3217,tasks,1
3437,depot,1
3392,soup,1
3352,astounding,1
3351,catching,1
3393,mess,1
3394,hazardous,1
3349,challenging—,1
3395,prep,1
3348,adorable—and,1
3346,sharp,1
3396,nondangerous,1
3345,yikes,1
3397,stir,1
3344,heavy,1
3398,ingredients,1
3342,dressers,1
3341,bookcases,1
3399,sprinkle,1
3340,astonishingly,1
3339,youmonthold,1
3338,hobby,1
3400,seasonings,1
3401,spaces,1
3336,plans,1
3402,stateoftheart,1
3403,apps,1
3391,bowl,1
3390,trickier,1
3354,correcting,1
3378,runs,1
3371,steps—and,1
3372,bedtimes,1
3373,naptimes,1
3367,goodbye,1
3374,crankiness,1
3375,restlessness,1
3376,bay,1
3365,puddle,1
3364,splashing,1
3377,—a,1
3363,quit,1
3361,transitions,1
3355,verbally,1
3360,display,1
3359,extreme,1
3380,example—go,1
3358,carefully,1
3383,insist,1
3384,yours—just,1
3357,pee,1
3385,leaving,1
3356,train—but,1
3386,sets,1
3389,successfully,1
3404,truthfully,1
3405,simplest,1
3333,save,1
3427,incorrect,1
3420,massive,1
3310,parallel,1
3421,expansion,1
3309,moon,1
3422,nuances,1
3307,results,1
3305,leads,1
3424,leap,1
3425,rhythmic,1
3304,x,1
3426,speaking,1
3428,grammatically,1
3312,barber,1
3429,specialist,1
3303,scientist,1
3302,again—a,1
3431,twoandahalf,1
3432,wets,1
3434,rely,1
3300,age—your,1
3435,moodiness,1
3298,l,1
3297,letter,1
3296,environment,1
3311,alongside,1
3313,salon,1
3332,struggles,1
3321,plays,1
3331,yarn,1
3330,beads,1
3329,laces,1
3328,lacing,1
3327,pushandpull,1
3408,backyard,1
3325,latching,1
3410,fort,1
3324,assembling,1
3323,boards,1
3322,latch,1
3411,blankets,1
3314,scissors,1
3412,pillows,1
3413,zoning,1
3414,invite,1
3318,evaluating,1
3415,twoperson,1
3416,skillsmonthold,1
3317,blocking,1
3316,rested,1
3417,undergo,1
3418,explosion,1
3419,undergoes,1
3218,periodically,1
3216,umbrella,1
3660,thirtythreemonthold,1
3156,charge,1
3621,example—these,1
3138,defying,1
3137,stomping,1
3136,exert,1
3135,adjustmonthold,1
3134,danzig,1
3622,disorders,1
3133,dianne,1
3132,pizza,1
3131,sibling,1
3130,•thinking,1
3623,dietician,1
3129,paint,1
3624,psychiatrist,1
3127,trains,1
3369,helper,1
3626,pathologist,1
3125,legotype,1
3627,occupational,1
3628,equals,1
3629,rhyming,1
3630,rhyme,1
3123,independently,1
3122,spending,1
3631,poems,1
3620,aversions,1
3619,reasons—food,1
3618,category,1
3147,dramatic,1
3599,obviously,1
3600,polite,1
3601,thank,1
3602,concept,1
3603,patient—theyll,1
3153,t—and,1
3604,friendship,1
3605,intimidated,1
3607,accustomed,1
3608,unfamiliar,1
3609,environments,1
3146,um,1
3617,beans—to,1
3610,labeling,1
3145,separate,1
3611,outgrow,1
3613,grumpy,1
3614,deliver,1
3143,streak,1
3142,it—usually,1
3615,them—such,1
3616,spinach,1
3141,earth,1
3140,selfcentered,1
3120,colors…eventually,1
3119,—consider,1
3632,thirtytwomontholds,1
3087,categories,1
3650,label,1
3651,decompress,1
3094,smitten,1
3093,joy,1
3652,unnecessary,1
3653,pastimes,1
3092,doozy,1
3091,whiny,1
3090,vs,1
3089,concepts,1
3088,abstract,1
3086,yearsmonthold,1
3097,things—and,1
3654,hiring,1
3655,sitter,1
3085,memento,1
3656,burnoutmonthold,1
3084,smartest,1
3657,dentist,1
3083,funniest,1
3658,coordinated,1
3081,quote,1
3659,scrub,1
3080,explorer,1
3096,braver,1
3649,flushable,1
3118,eatingpicky,1
3640,race,1
3633,costumes,1
3634,mimic,1
3635,structured,1
3114,remain,1
3113,acknowledgment,1
3112,sad,1
3636,bang,1
3111,mad,1
3637,pots,1
3638,pans,1
3639,camp,1
3641,living,1
3099,phrases—but,1
3642,floor—whatever,1
3106,shushing,1
3643,flush,1
3644,standard,1
3104,seventyfive,1
3103,row,1
3646,plunging,1
3647,pottytraining,1
3101,ramping,1
3648,bum,1
3100,worrisome,1
3598,success,1
3597,affected,1
3511,deficiency,1
3596,factor,1
3193,jackinthebox,1
3526,tests,1
3527,thoughts,1
3192,popup,1
3528,tense,1
3529,irony,1
3191,incident,1
3530,twohour,1
3532,squirt,1
3533,filled,1
3534,ward,1
3535,invading,1
3190,steamed,1
3536,regressing,1
3537,although,1
3538,perfecting,1
3189,dip—so,1
3188,celery,1
3540,paces,1
3541,threeword,1
3186,foods—like,1
3185,battlefield,1
3542,phrases—though,1
3543,itll,1
3544,improvements,1
3525,poisoning,1
3524,irondeficiency,1
3194,characters,1
3516,fun—but,1
3215,groceries,1
3512,findings,1
3212,mower,1
3211,sights,1
3210,station,1
3513,peace,1
3207,pet,1
3514,prompt,1
3205,xylophone,1
3515,prescribe,1
3204,drum,1
3203,containers,1
3523,appointments,1
3202,differentsized,1
3201,filling,1
3518,dexterity,1
3200,manipulate,1
3519,clay,1
3520,wiggly,1
3198,sandbox,1
3197,sand,1
3196,bin,1
3195,texture,1
3522,previous,1
3182,instilling,1
3546,throes,1
3547,training—or,1
3587,dreading,1
3580,jumps,1
3172,artists,1
3171,con,1
3581,thrives,1
3582,mealtimes,1
3583,gradually—by,1
3584,day—to,1
3170,twentyfivemontholds,1
3585,handwashing,1
3586,toothbrushingmonthold,1
3169,buckled,1
3589,soiled,1
3579,skips,1
3590,motivation,1
3165,depend,1
3164,defiance,1
3591,pressurefree,1
3162,slide,1
3161,tallest,1
3592,thirtytwomonthold,1
3593,multiple,1
3594,appearance,1
3595,researchers,1
3157,shirt,1
3174,hugs—anything,1
3175,negotiations,1
3549,woohoo,1
3561,protesting,1
3178,calls,1
3550,twoanda,1
3551,halfyearolds,1
3552,pose,1
3553,undesirable,1
3554,attentionseeking,1
3555,stressed,1
3556,plain,1
3557,resistance,1
3558,oneonone,1
3560,right—but,1
3562,tucking,1
3578,copying,1
3565,minerals,1
3566,malnourishment,1
3568,blend,1
3569,overboard,1
3570,playmates,1
3571,obsessed,1
3572,pretending—play,1
3573,honor,1
3574,rolltheball,1
3575,indoor,1
3577,march,1
3500,behaved,1
1943,faster,1
2842,whos,1
1341,fivemonthold,1
1339,involved—feels,1
1337,cry—yes,1
1332,adding,1
1331,unique,1
1330,oftentimes,1
1329,sleepers—and,1
1328,notsobig,1
1327,sleepers,1
1326,range—there,1
1321,sips,1
1312,bottlefeeds,1
1311,breastfeeds,1
1306,determined,1
1304,horizon,1
1300,sidetoside,1
1299,swaying,1
1296,exist,1
1295,reveal,1
1291,grasping,1
1287,fascinated,1
1286,repeating,1
1285,maybe—he,1
1284,ah,1
1283,likes—,1
1281,rattling,1
1278,subtle,1
1277,pastels,1
1276,apart,1
1275,bold,1
1340,cruel,1
1350,unbreakable,1
1064,placed,1
1351,mirror,1
1432,prune,1
1426,swollen,1
1424,up—but,1
1421,rakes,1
1416,babababa,1
1415,dadadada,1
1414,consonant,1
1413,consonants,1
1412,vowel,1
1407,female,1
1406,male,1
1403,examination,1
1402,examining,1
1401,fascination,1
1394,growthwise,1
1388,growth—the,1
1386,near,1
1385,types,1
1382,norm,1
1379,excitement,1
1369,buddy,1
1366,stranger,1
1363,scream,1
1362,opinionated,1
1361,halfway,1
1360,forward,1
1358,positioned,1
1354,entertains,1
1353,admires,1
1274,improving—it,1
1273,distinguish,1
1271,days—then,1
1270,spurt—is,1
1157,elbows,1
1152,chats,1
1151,imitating,1
1147,growth—not,1
1141,exercises,1
1140,personaltrainerinthemaking,1
1139,motivator,1
1135,athletic,1
1133,gnawing,1
1131,reaching—and,1
1128,wishes,1
1126,maternity,1
1123,wellbaby,1
1119,routines,1
1118,habit—bedtime,1
1116,brainpower,1
1109,pm,1
1107,snooze—finally,1
1102,none,1
1100,rock,1
1094,threemontholds,1
1091,provides,1
1090,nourishment,1
1089,hydration,1
1088,age—before,1
1087,foods—around,1
1086,nope,1
1083,took,1
1068,detailed,1
1159,plastic,1
1160,keys,1
1164,begun,1
1234,notion,1
1268,smack,1
1266,hear—but,1
1257,ultimate,1
1254,inspiring,1
1251,—as,1
1250,encouragement,1
1249,coach,1
1246,regularly,1
1244,fivemonth,1
1240,swaddling,1
1239,tip,1
1237,strong,1
1235,precautions,1
1231,roller,1
1166,drool,1
1214,evening,1
1210,consist,1
1209,dilemmas,1
1202,finishing,1
1200,appropriate,1
1199,veggie,1
1195,singlegrain,1
1189,reached,1
1187,propped,1
1181,is…,1
1178,infants,1
1175,meds,1
1174,otc,1
1439,wholegrain,1
1442,baby—these,1
1445,potato,1
1626,himself—but,1
1695,selfsoothe,1
1693,baby—but,1
1692,easy—and,1
1690,reinstate,1
1688,sorry,1
1687,separated,1
1686,dad—and,1
1681,threeandahalf,1
1680,months—if,1
1675,zucchini,1
1672,pumpkin,1
1670,mango,1
1669,quinoa,1
1665,barley,1
1664,unsalted,1
1662,nonprocessed,1
1660,eightmontholds,1
1659,cupdrinker,1
1657,foster,1
1656,meals—its,1
1647,hundred,1
1644,overwhelmed,1
1643,milk—it,1
1642,foods—and,1
1637,creeping,1
1635,gearing,1
1634,kneeling,1
1632,twisting,1
1631,crouching,1
1697,beyond,1
1699,playonthefloor,1
1701,cupboard,1
1744,propping,1
1774,everpopular,1
1771,softcooked,1
1770,orange,1
1769,peppers,1
1768,yellow,1
1767,rainbow,1
1765,salt,1
1762,processed,1
1761,simpler,1
1756,doc,1
1755,traces,1
1751,exam,1
1745,baba,1
1742,dadadada—they,1
1706,plasticware,1
1741,thumb—known,1
1733,see—that,1
1731,shoot,1
1724,resourceful,1
1723,examine,1
1721,explores,1
1719,baby—and,1
1718,adventure,1
1717,index,1
1715,clapping,1
1711,achieved,1
1709,locks,1
1707,measuring,1
1628,sometimes—and,1
1624,connection,1
1447,oatmeal,1
1623,handles,1
1534,imitates,1
1533,bears,1
1529,finetuning,1
1515,coins,1
1514,unnoticed,1
1511,reach—that,1
1510,cautious,1
1507,securely,1
1505,bookshelf,1
1504,dresser,1
1503,tangled,1
1502,pinch,1
1500,bump,1
1497,guard,1
1494,crawler,1
1493,came,1
1492,prepping,1
1486,lettuce,1
1477,ripped,1
1475,though—if,1
1472,maracas,1
1469,textured,1
1466,constitutes,1
1462,gist,1
1461,tougher,1
1452,okay—as,1
1451,acorn,1
1449,butternut,1
1448,pear,1
1535,attract,1
1542,sevenmonthold,1
1543,sevenmontholds,1
1598,surroundings,1
1622,tags,1
1621,captivating,1
1619,eyeball,1
1618,unbelievable,1
1617,growing—and,1
1614,parentchild,1
1611,misses,1
1609,fusses,1
1606,stresses,1
1604,back—babys,1
1602,dial,1
1600,highpressure,1
1599,tendency,1
1597,observer,1
1548,strict,1
1586,already—for,1
1585,chair—if,1
1584,uninterrupted,1
1583,hope,1
1582,month—though,1
1580,evolving,1
1578,skillfully,1
1576,day—six,1
1563,hazard,1
1562,nuts,1
1560,honey,1
1556,mashed,1
1549,guidelines,1
1067,links,1
1061,socially,1
2841,plane,1
536,fourweekold,1
510,brings,1
482,highcontrast,1
481,favors,1
480,entertain,1
470,literally,1
466,beck,1
465,pack,1
462,imagining,1
457,error,1
456,trial,1
448,realistic,1
447,regularity,1
446,sleepier,1
443,boring,1
436,interactions,1
426,demand,1
423,clock—though,1
421,fitting,1
416,yep,1
413,servings,1
412,bumping,1
411,nipple,1
408,rooting,1
406,lip,1
404,baby—she,1
400,starving,1
385,straighter,1
381,windshieldwiperlike,1
380,stuck,1
520,upped,1
545,drill,1
1058,shake,1
546,sergeant,1
648,black,1
646,cross,1
645,wander,1
638,clarity,1
637,affect,1
635,initially,1
631,utero,1
626,frequently,1
624,mentally,1
619,rate—the,1
615,adults—come,1
614,babies—just,1
609,weighs,1
606,ridiculously,1
605,ahhing,1
601,emerge,1
593,proof,1
591,parenting,1
588,reason—youre,1
581,dependent,1
577,entered,1
575,confusing,1
574,beautiful,1
572,daytoday,1
571,month—for,1
569,—just,1
559,strive,1
551,structure,1
548,teacher,1
378,age—as,1
372,blurry,1
371,colicky,1
370,diagnosed,1
125,oneweekold,1
123,germy,1
122,crowded,1
109,outing—if,1
101,area,1
95,fontanels,1
93,spots,1
90,skull,1
87,rounded,1
86,canal,1
84,misshapen,1
83,looked,1
80,scales,1
79,dip,1
77,birth—so,1
73,life—it,1
55,sneezes,1
54,grunts,1
49,position—thats,1
48,fetal,1
47,curled,1
37,navigate,1
33,recovering,1
32,resting,1
25,naturally—it,1
21,adjusting,1
9,bathing,1
7,parenthood,1
2,congratulations,1
129,clock—at,1
133,hours—but,1
139,cluster,1
283,instinctively,1
365,symptoms,1
361,spoiling,1
356,aid,1
353,gas…,1
347,checks,1
343,sleepyhead,1
341,shock—that,1
331,carrier,1
322,extremely,1
321,weather,1
315,syndrome,1
307,tummy—it,1
306,spends,1
275,dreaming,1
145,boost,1
267,close—babies,1
252,regained,1
245,bedding,1
244,fluffy,1
235,relaxed,1
227,differentiate,1
216,chow,1
186,wetting,1
181,vague,1
180,stone,1
171,finish,1
170,seemed,1
166,latched,1
650,contrasting,1
652,shed,1
659,facing,1
859,averages,1
932,often—or,1
930,formulafed,1
928,existence,1
927,bane,1
920,superwide,1
916,twomontholds,1
915,symptom,1
913,personality—it,1
912,develop—physically,1
908,ohhs,1
907,ahhs,1
906,coos,1
905,gurgles,1
899,coordinating,1
898,strengthening,1
897,positions,1
896,fluid,1
895,jerky,1
893,kicks,1
892,straightening,1
890,strengthen,1
886,seated,1
882,comforted,1
878,actively,1
877,admire,1
876,mat,1
873,degrees,1
866,growth—your,1
864,comparing,1
938,rigid,1
941,caused,1
944,treating,1
1014,describing,1
1056,bats,1
1055,lap,1
1050,closes,1
1047,chest,1
1046,raises,1
1041,expressions,1
1037,communicator,1
1036,rapidly,1
1035,sudden,1
1033,worry—growth,1
1032,gone,1
1019,learner,1
1015,going—this,1
1009,charmer,1
948,lips,1
1001,twomonth,1
991,anticipate,1
986,confused,1
979,himself—that,1
975,established,1
967,duration,1
965,sleep—that,1
964,interrupted,1
963,andahalf,1
962,introduced,1
957,exception,1
952,bottlefed,1
950,distracted,1
860,measure—but,1
853,evenings,1
663,smells,1
851,lie—having,1
736,allergies,1
735,possibility,1
733,colds,1
732,often—in,1
731,noses,1
722,rule,1
721,decipher,1
717,onemontholds,1
711,limbs,1
710,stiff,1
706,pumped,1
705,jaw,1
704,trembling,1
699,blink,1
696,flags,1
690,month—so,1
686,reflexes,1
685,keen,1
684,quivers,1
683,jerks,1
682,tight,1
679,gentle—you,1
678,abrupt,1
677,rough,1
673,cozy,1
669,lineup,1
666,yuck,1
665,acidic,1
664,bitter,1
737,infections,1
740,breathe,1
743,medicine,1
799,issue—if,1
850,again—and,1
844,entertained—and,1
839,interaction,1
838,joys,1
837,realizing,1
836,happened,1
835,twomonthsold,1
832,csection,1
829,postpartum,1
819,vaccination,1
811,punches,1
808,flexible—things,1
801,peeing,1
796,sleepiness,1
748,hungry—you,1
794,pinpoint,1
788,confusion,1
787,daynight,1
784,uncomfortable,1
783,overstimulated,1
780,discussed,1
777,okay—different,1
770,combo,1
769,milk—or,1
766,fourounce,1
762,time—so,1
761,feeder,1
756,stopping,1
1775,cheerios,1
1780,minds,1
1781,dads,1
2531,chop,1
2528,entire,1
2527,purees,1
2526,warn,1
2524,judges,1
2522,devours,1
2520,shown,1
2519,heads,1
2518,order—and,1
2515,thirty,1
2514,dying,1
2512,rearranging,1
2510,germs—and,1
2507,timeouts,1
2506,boundarypushing,1
2502,there—but,1
2501,front—may,1
2500,bottom,1
2499,canines—the,1
2497,uttering,1
2496,leadup,1
2495,mediam,1
2494,jailbreaks,1
2493,carpet,1
2492,rug,1
2491,childproofing,1
2490,triplecheck,1
2488,climbing—maybe,1
2486,ownmonthold,1
2485,tactile,1
2530,finely,1
2533,sidewalk,1
1783,eleven,1
2534,pens,1
2589,breastfeed—and,1
2588,⅛,1
2587,onequarter,1
2582,excuse,1
2580,nap—though,1
2576,nosepicking,1
2574,precocious,1
2569,joneses,1
2567,bragging,1
2566,neighbor,1
2563,grunt,1
2562,panic,1
2559,mischievous,1
2558,supervision,1
2556,terrified,1
2555,banshee,1
2554,shrieking,1
2553,stripping,1
2552,chucking,1
2551,cabinet,1
2550,opening,1
2549,movesmonthold,1
2547,undressing,1
2545,yummy,1
2544,peas—they,1
2543,frozen,1
2540,phones,1
2539,brooms,1
2538,kitchens,1
2484,playzone,1
2483,childproofed,1
2482,received,1
2481,booster,1
2395,broom,1
2394,for—a,1
2393,identification,1
2392,biggie,1
2391,gums—no,1
2390,poking,1
2388,bothersome,1
2384,boobies,1
2383,breastfeeding—,1
2382,and—,1
2379,ventured,1
2377,normal—if,1
2373,update,1
2371,teaches,1
2370,selfesteem,1
2369,carrying,1
2368,sidekick,1
2367,fabulous,1
2366,togethermonthold,1
2363,purse,1
2362,cans,1
2360,bags,1
2359,boxes,1
2358,emptying—everything,1
2357,into—and,1
2356,digging,1
2355,minime,1
2352,childsize,1
2350,shapesorting,1
2397,stirring,1
2398,er…,1
2400,tantums,1
2431,shift,1
2480,pages,1
2476,inner,1
2475,channel,1
2474,crayon,1
2473,bouncing,1
2469,huh,1
2455,eliminate,1
2453,can—having,1
2451,kinds,1
2450,pickier,1
2435,nightmares—and,1
2434,lunchtime,1
2432,nudge,1
2430,onenapaday,1
2402,misbehaving,1
2429,desire,1
2427,excessive,1
2425,situation,1
2424,acts,1
2421,dwelling,1
2420,redirect,1
2419,eventually—stop,1
2418,hell—,1
2416,tail,1
2413,marker,1
2412,magic,1
2411,remote,1
2410,offlimits,1
2590,considering,1
2592,duct,1
2593,mastitis,1
2690,croup,1
2778,amazed,1
2777,relates,1
2775,stimulated,1
2774,presence,1
2773,zone,1
2771,educationbased,1
2770,ideally,1
2769,yourself—doctors,1
2768,fact—brace,1
2767,tune,1
2766,patrol,1
2765,paw,1
2764,mickey,1
2763,time—because,1
2760,themselfmonthold,1
2759,belong,1
2758,cleaned,1
2757,thoroughly,1
2755,receive,1
2753,ipv,1
2752,hepb,1
2751,final,1
2750,hideandseek,1
2749,nofail,1
2748,bubbles—theyre,1
2746,blowing,1
2745,overhand,1
2743,increasingly,1
2693,extrasensitive,1
2779,feats,1
2780,performing,1
2781,obvious,1
2812,eating—and,1
2840,confined,1
2839,accepting,1
2838,assess,1
2837,travel,1
2836,backup,1
2834,occupied,1
2828,puppets,1
2825,caring,1
2824,equipment,1
2823,childfriendly,1
2820,soccer,1
2818,pressuring,1
2814,toyearolds,1
2811,promote,1
2782,shines,1
2810,soothers,1
2806,predicament,1
2804,troubles,1
2802,cooperatively,1
2800,scoosme,1
2799,tankoo,1
2798,peas,1
2797,generally,1
2791,tlc,1
2790,regulate,1
2789,nineteenmontholds,1
2787,psych,1
2785,bend,1
2692,months—especially,1
2687,rewarded,1
2594,vulnerable,1
2685,behave,1
2635,mine,1
2632,leg,1
2631,clinging,1
2630,independence—though,1
2629,volume,1
2628,shocked,1
2627,hogs,1
2626,againmonthold,1
2625,deserve,1
2624,poopplaying,1
2622,outfits,1
2621,onepiece,1
2620,covers,1
2619,snug,1
2618,damaged,1
2617,original,1
2616,duplicate—just,1
2614,gives,1
2612,safely,1
2611,playard,1
2610,oven,1
2607,alone—not,1
2606,laundry,1
2602,horse,1
2600,drive,1
2598,bribing,1
2597,forcing,1
2596,gradual,1
2595,method,1
2636,manner,1
2638,buckle,1
2642,seat—it,1
2667,acknowledge,1
2684,atypically,1
2683,flapping,1
2682,unusual,1
2680,indicate,1
2679,exhibit,1
2678,hyperactivity,1
2677,deficit,1
2676,hyperactive,1
2675,impulsive,1
2673,lighthearted,1
2670,leaving—and,1
2669,effective,1
2668,departure,1
2666,tactic,1
2643,buckling,1
2665,sneakawaywithoutsayinggoodbyeoncethesitterarrives,1
2662,short—and,1
2661,supermarket,1
2658,independenceseeking,1
2657,signal,1
2656,row—these,1
2654,tells,1
2653,brace,1
2651,item,1
2648,jaunt,1
2647,crowds,1
2645,walking—theyre,1
2644,energy,1
2348,matching,1
2346,•shape,1
2343,•stacking,1
1911,react,1
1978,bye,1
1977,hi,1
1976,waving,1
1974,unsupported,1
1973,cruising—maybe,1
1972,journey,1
1969,schedules,1
1964,variations,1
1954,decision,1
1953,glad,1
1952,women,1
1950,extend,1
1942,realizes,1
1940,bulb,1
1939,transportation—until,1
1938,mode,1
1935,rip,1
1934,prod,1
1932,trouble—she,1
1931,drawn,1
1930,integrated,1
1929,closely—and,1
1926,compared,1
1922,stands,1
1920,anymore—she,1
1917,points,1
1916,independence—at,1
1914,temperaments—such,1
1913,displayed,1
1981,shaking,1
1985,tripled,1
1986,accurate,1
2018,roughly,1
2042,mumps,1
2041,measles,1
2040,mmr,1
2038,grass,1
2037,yard,1
2036,barefoot,1
2035,do—about,1
2034,define,1
2033,baby—,1
2032,basics,1
2030,desperation,1
2029,slept,1
2020,sleeptime,1
2016,bit—maybe,1
1987,listens,1
2012,gum,1
2010,judging,1
2006,group,1
2005,quarter,1
2004,lessen,1
2000,gestures,1
1999,commands,1
1998,onestep,1
1994,eek,1
1992,twist,1
1990,bathtub,1
1989,pouring,1
1988,sensations,1
1912,encounters,1
1909,learningobserving,1
2044,chickenpox,1
1906,spunk,1
1842,matter,1
1839,reach—and,1
1838,positioning,1
1836,support—maybe,1
1834,button,1
1833,shakes,1
1832,rattle,1
1830,doorbell,1
1829,sister,1
1828,too—your,1
1826,allimportant,1
1824,nurses,1
1822,problematic,1
1821,slowerthanaverage,1
1820,clasping,1
1818,remembers,1
1817,smarter,1
1815,it—you,1
1814,hugs,1
1810,soontobe,1
1809,chaotic,1
1808,movement,1
1804,cushions,1
1802,spit,1
1797,smear,1
1787,doable—although,1
1786,nudging,1
1785,down—babies,1
1784,divided,1
1844,aw,1
1847,cutup,1
1848,highchair,1
1876,served,1
1905,laidback,1
1903,character,1
1896,itsybitsy,1
1893,baby—this,1
1892,forth,1
1890,knobs,1
1888,lids,1
1886,sleeptraining—,1
1884,eager,1
1882,celebration,1
1881,naps—one,1
1879,carbs,1
1878,varied,1
1873,picked,1
1849,unattended,1
1871,shreds,1
1868,meltinyour,1
1864,blueberries,1
1862,game—continue,1
1861,fair,1
1860,fly,1
1859,failed,1
1858,strictly,1
1856,hiccup,1
1854,fussiness,1
1852,complaint,1
1851,eightounce,1
1850,though—in,1
2043,rubella,1
2045,varicella,1
2342,strollers,1
2225,lack,1
2287,understanding—but,1
2283,discussion,1
2282,evaluate,1
2278,apparent,1
2277,asd,1
2275,spectrum,1
2271,tearful,1
2267,mantra,1
2266,fits,1
2264,meltdown,1
2259,consensus,1
2258,worst,1
2257,ibuprofen,1
2256,acetaminophen,1
2255,relief,1
2252,ambitious,1
2249,though—its,1
2248,matters,1
2245,bowlegs,1
2243,nice,1
2241,falls—or,1
2239,tumbles,1
2237,somersaults,1
2236,splats,1
2235,bumps,1
2234,courage,1
2233,summoning,1
2231,alreadymonthold,1
2227,money,1
2289,consult,1
2290,treatment,1
2291,settle,1
2317,sweetened,1
2340,mowers,1
2337,•push,1
2336,•pattycake,1
2335,aok,1
2333,growth—then,1
2331,week—and,1
2330,terms,1
2329,untouched,1
2326,tomatoes,1
2325,cherry,1
2323,candies,1
2321,peanuts,1
2318,buttered,1
2316,salted,1
2292,planned,1
2315,development—but,1
2314,fats—because,1
2313,restrict,1
2308,loved,1
2306,rejecting,1
2305,foods—but,1
2304,screens,1
2303,shutting,1
2300,tools,1
2299,groggily,1
2297,disruption,1
2295,desperate,1
2293,vivid,1
2226,blisters,1
2220,countertop,1
2050,consumer,1
2214,chunky,1
2096,wobbly,1
2094,counter,1
2093,across—for,1
2092,finds,1
2091,actual,1
2090,cadence,1
2089,gibberish,1
2088,example—and,1
2087,jacket,1
2086,cak,1
2085,bottleda,1
2084,—ba,1
2081,reflected,1
2079,scale,1
2078,babyhood—it,1
2077,and—just,1
2075,disappearing,1
2074,pudge,1
2070,sloppy,1
2069,unsolicited,1
2068,spontaneous,1
2066,positives,1
2063,preview,1
2061,swings,1
2059,squirmy,1
2058,messes,1
2057,arrived,1
2052,retire,1
2051,reports,1
2100,prewalking,1
2101,chasing,1
2103,morphed,1
2153,sized,1
2212,beginners,1
2211,artist,1
2210,budding,1
2208,household,1
2184,it—and,1
2167,bunny,1
2166,handful,1
2165,live,1
2164,ravenous—and,1
2163,finicky,1
2157,devoured,1
2156,heck,1
2155,next—or,1
2152,practical,1
2107,resolved,1
2146,poses,1
2145,training—unless,1
2140,awaken,1
2136,promotes,1
2128,books…,1
2125,bed—getting,1
2119,broken,1
2116,streaks,1
2113,crop,1
2112,mark,1
2111,passed,1
2110,tatrums,1
2108,knowhow,1
3885,emerging,1
